{
    "weight_swin": 4.675774996250361,
    "weight_df40": 4.187538376666367,
    "weight_z": -0.10554158658830659,
    "bias": -3.0065333447894167,
    "threshold_optimal": 0.6876884422110553,
    "accuracy": 0.8420096852300242,
    "auc": 0.8996728766319495
}