{
    "protocolo": "DF40 Protocol-3 — Test only, 7 geradores Table 5",
    "auc_split_test": 0.8963922484881803,
    "acc_split_test": 0.7965204236006052,
    "auc_cv_mean": 0.899387141620904,
    "auc_cv_std": 0.00607707122679991,
    "auc_avg_table5_gens": 0.822070002020464,
    "n_total": 6608,
    "n_real": 3400,
    "n_fake": 3208,
    "per_generator": {
        "table5": {
            "MidJourney-6": 0.7401882352941176,
            "Whichisreal": 0.614869859448204,
            "StarGAN": 0.8846941176470589,
            "StarGAN2": 0.8365799586166125,
            "StyleCLIP": 0.8874387254901962,
            "e4e": 0.9727735294117646,
            "CollabDiff": 0.8179455882352942
        },
        "additional": {
            "VQGAN": 0.9425029411764705,
            "StyleGAN2": 0.9530852941176471,
            "StyleGAN3": 0.9458632352941176,
            "StyleGAN-XL": 0.9372441176470588,
            "SD-v2.1": 0.9744470588235294,
            "DDIM": 0.9285529411764706,
            "RDDM": 0.9011852941176471,
            "PixArt-α": 0.9951558823529412,
            "DiT": 0.9132,
            "SiT": 0.9181455882352941
        }
    },
    "literatura_avg_table5": {
        "Xception": 0.7557142857142857,
        "CLIP": 0.8522857142857142,
        "SRM": 0.7274285714285715,
        "SPSL": 0.7191428571428571,
        "RECCE": 0.7534285714285714,
        "RFM": 0.7357142857142858
    }
}